<?xml version="1.0" encoding="UTF-8"?>
<project-private xmlns="http://www.netbeans.org/ns/project-private/1">
    <editor-bookmarks xmlns="http://www.netbeans.org/ns/editor-bookmarks/2" lastBookmarkId="0"/>
    <open-files xmlns="http://www.netbeans.org/ns/projectui-open-files/2">
        <group>
            <file>file:/C:/Users/keval/Documents/NetBeansProjects/project/web/about.jsp</file>
            <file>file:/C:/Users/keval/Documents/NetBeansProjects/project/web/index.jsp</file>
            <file>file:/C:/Users/keval/Documents/NetBeansProjects/project/web/Contactus.jsp</file>
            <file>file:/C:/Users/keval/Documents/NetBeansProjects/project/web/welcome.jsp</file>
            <file>file:/C:/Users/keval/Documents/NetBeansProjects/project/web/add.jsp</file>
            <file>file:/C:/Users/keval/Documents/NetBeansProjects/project/web/register.jsp</file>
        </group>
    </open-files>
</project-private>
